{"accuracy": [0.889720618724823, 0.9588290452957153, 0.9636077880859375, 0.9673172235488892, 0.968219518661499, 0.9690883755683899, 0.9714276194572449, 0.970993161201477, 0.970525324344635, 0.970993161201477, 0.9737000465393066, 0.9730985164642334, 0.973432719707489, 0.9740676283836365, 0.9738003015518188], "val_accuracy": [0.9700614809989929, 0.9767441749572754, 0.9786153435707092, 0.9788826704025269, 0.9844961166381836, 0.9828922748565674, 0.983159601688385, 0.9852980375289917, 0.9869018793106079, 0.9879711270332336, 0.9855653643608093, 0.9890403747558594, 0.9863672852516174, 0.9847634434700012, 0.9850307106971741], "loss": [0.3723697066307068, 0.13934341073036194, 0.11643821746110916, 0.10331292450428009, 0.09875167161226273, 0.09453023225069046, 0.08531754463911057, 0.08908425271511078, 0.08568280935287476, 0.08396955579519272, 0.08101186901330948, 0.08060969412326813, 0.0776987224817276, 0.07604265958070755, 0.07789057493209839], "val_loss": [0.10904553532600403, 0.0779767706990242, 0.07360626757144928, 0.0647578239440918, 0.051152147352695465, 0.049137745052576065, 0.04889915883541107, 0.04510066658258438, 0.03966407850384712, 0.03708049654960632, 0.0420999601483345, 0.033728618174791336, 0.03832462057471275, 0.046102121472358704, 0.04651394113898277]}